{
  "_metadata": {
    "schema_version": 2,
    "metrics": [
      "sharpness",
      "edge_strength",
      "blocking",
      "detail",
      "texture_quality",
      "ringing",
      "temporal_stability",
      "colorfulness",
      "naturalness",
      "crushed_blacks",
      "blown_whites"
    ],
    "n_metrics": 11,
    "source_dir": "/wintmp/analog_video/noref_compare",
    "pattern": "*.mov",
    "skip_frames": {},
    "timestamp": "2026-02-18T21:34:29.039671"
  },
  "ag1980tbc0": {
    "sharpness": {
      "mean": 0.0119457471622993,
      "std": 0.0133748384805356
    },
    "edge_strength": {
      "mean": 0.3453140318262627,
      "std": 0.1940929756614224
    },
    "blocking": {
      "mean": 1.0216313966216783,
      "std": 0.022705029211842906
    },
    "detail": {
      "mean": 0.09756806170347979,
      "std": 0.05618219442961489
    },
    "texture_quality": {
      "mean": 0.830402911200468,
      "std": 0.03658416005675328
    },
    "ringing": {
      "mean": 0.14141404883257663,
      "std": 0.05328198164350985
    },
    "colorfulness": {
      "mean": 32.21402103281076,
      "std": 9.498736022892247
    },
    "naturalness": {
      "mean": -0.33964653776617393,
      "std": 0.12298400423580161
    },
    "crushed_blacks": {
      "mean": 0.010757065267786732,
      "std": 0.022438711237189442
    },
    "blown_whites": {
      "mean": 0.0,
      "std": 0.0
    },
    "temporal_stability": {
      "mean": 0.10650067520456935,
      "std": 0.08054677895790503
    },
    "n_frames": 594,
    "_source_file": "twister_ag1980tbc0_svideo_direct_trimmed_VIEW_ACTION_SAFE_IVTC.mov"
  },
  "ag1980tbc1_sharpMAX_b2": {
    "sharpness": {
      "mean": 0.013923394498621757,
      "std": 0.015154361391922418
    },
    "edge_strength": {
      "mean": 0.4170177676240832,
      "std": 0.23372714148474236
    },
    "blocking": {
      "mean": 1.0401946184844462,
      "std": 0.017115476760865424
    },
    "detail": {
      "mean": 0.11142588422614577,
      "std": 0.06483244645924609
    },
    "texture_quality": {
      "mean": 0.8093436509477945,
      "std": 0.037485108117953414
    },
    "ringing": {
      "mean": 0.1429109751703296,
      "std": 0.057509498750624784
    },
    "colorfulness": {
      "mean": 58.161882006661656,
      "std": 17.23920390934498
    },
    "naturalness": {
      "mean": -0.18919906510080198,
      "std": 0.1436480022353983
    },
    "crushed_blacks": {
      "mean": 0.01971284745109338,
      "std": 0.03307498116977121
    },
    "blown_whites": {
      "mean": 0.0,
      "std": 6.285291116759472e-06
    },
    "temporal_stability": {
      "mean": 0.11922238590965029,
      "std": 0.08705758847655926
    },
    "n_frames": 594,
    "_source_file": "twister_ag1980tbc1_sharpMAX_svideo_direct_b2_trimmed_VIEW_ACTION_SAFE_IVTC.mov"
  },
  "ag1980tbc1_sharpMIN_b2": {
    "sharpness": {
      "mean": 0.0052259842068001616,
      "std": 0.006065910522273884
    },
    "edge_strength": {
      "mean": 0.30230385212932076,
      "std": 0.16252874781092716
    },
    "blocking": {
      "mean": 1.0693461630876224,
      "std": 0.029337591276472244
    },
    "detail": {
      "mean": 0.09316042585045285,
      "std": 0.05050725251305194
    },
    "texture_quality": {
      "mean": 0.8848805229070338,
      "std": 0.0308553137793256
    },
    "ringing": {
      "mean": 0.09959856938240932,
      "std": 0.0431022678777443
    },
    "colorfulness": {
      "mean": 58.187230694712646,
      "std": 17.193639423492737
    },
    "naturalness": {
      "mean": -0.07093519695380501,
      "std": 0.32412284294706517
    },
    "crushed_blacks": {
      "mean": 0.010836964756750382,
      "std": 0.01956875165001848
    },
    "blown_whites": {
      "mean": 0.0,
      "std": 0.0
    },
    "temporal_stability": {
      "mean": 0.10448006742324864,
      "std": 0.08409980898133143
    },
    "n_frames": 594,
    "_source_file": "twister_ag1980tbc1_sharpMIN_svideo_direct_b2_trimmed_VIEW_ACTION_SAFE_IVTC.mov"
  },
  "ag1980tbc1": {
    "sharpness": {
      "mean": 0.008438315099935305,
      "std": 0.009836021348160357
    },
    "edge_strength": {
      "mean": 0.3588721063583762,
      "std": 0.19884762348555773
    },
    "blocking": {
      "mean": 1.0430415997714955,
      "std": 0.020347981743877606
    },
    "detail": {
      "mean": 0.10184403595772056,
      "std": 0.057862052638345776
    },
    "texture_quality": {
      "mean": 0.8496150000219315,
      "std": 0.035665446597638165
    },
    "ringing": {
      "mean": 0.1177158737914231,
      "std": 0.047638024318327456
    },
    "colorfulness": {
      "mean": 58.48200817311405,
      "std": 17.244424524254462
    },
    "naturalness": {
      "mean": -0.048489306741737126,
      "std": 0.2230830442792549
    },
    "crushed_blacks": {
      "mean": 0.008450036510691651,
      "std": 0.017384337566786583
    },
    "blown_whites": {
      "mean": 0.0,
      "std": 0.0
    },
    "temporal_stability": {
      "mean": 0.11085530177540495,
      "std": 0.08424952188634237
    },
    "n_frames": 594,
    "_source_file": "twister_ag1980tbc1_svideo_direct_trimmed_VIEW_ACTION_SAFE_IVTC.mov"
  },
  "ds555tbc0_dnrOff": {
    "sharpness": {
      "mean": 0.014915223193415917,
      "std": 0.016126407300428684
    },
    "edge_strength": {
      "mean": 0.36583195627219334,
      "std": 0.1990269648506761
    },
    "blocking": {
      "mean": 1.0253387579544138,
      "std": 0.019003330672524035
    },
    "detail": {
      "mean": 0.10011346315418422,
      "std": 0.05525342672438257
    },
    "texture_quality": {
      "mean": 0.7956274484960117,
      "std": 0.036666369302897774
    },
    "ringing": {
      "mean": 0.1507896101473643,
      "std": 0.05424334113590874
    },
    "colorfulness": {
      "mean": 36.74804176090764,
      "std": 10.570507785913843
    },
    "naturalness": {
      "mean": -0.4326074723951241,
      "std": 0.07345728286248708
    },
    "crushed_blacks": {
      "mean": 0.005239698752975913,
      "std": 0.010803099978932553
    },
    "blown_whites": {
      "mean": 0.0,
      "std": 0.0
    },
    "temporal_stability": {
      "mean": 0.11392468366063434,
      "std": 0.07827257418250726
    },
    "n_frames": 594,
    "_source_file": "twister_ds555tbc0_dnrOff_svideo_direct_trimmed_VIEW_ACTION_SAFE_IVTC.mov"
  },
  "ds555tbc1_dnrOff": {
    "sharpness": {
      "mean": 0.01602020537957407,
      "std": 0.017386727557371296
    },
    "edge_strength": {
      "mean": 0.37944746955871295,
      "std": 0.20708579593187315
    },
    "blocking": {
      "mean": 1.0814045246034374,
      "std": 0.01608639219699484
    },
    "detail": {
      "mean": 0.10579882996549783,
      "std": 0.058265410573990734
    },
    "texture_quality": {
      "mean": 0.799613852628838,
      "std": 0.036421519039610016
    },
    "ringing": {
      "mean": 0.1394646500277662,
      "std": 0.05484106599320338
    },
    "colorfulness": {
      "mean": 56.60449123249092,
      "std": 15.373224564243339
    },
    "naturalness": {
      "mean": -0.41997713738822995,
      "std": 0.10985801167521139
    },
    "crushed_blacks": {
      "mean": 0.0022797628464744533,
      "std": 0.004627813596939211
    },
    "blown_whites": {
      "mean": 0.0,
      "std": 0.0
    },
    "temporal_stability": {
      "mean": 0.11881820648722195,
      "std": 0.08213920021556237
    },
    "n_frames": 594,
    "_source_file": "twister_ds555tbc1_dnrOff_svideo_direct_trimmed_VIEW_ACTION_SAFE_IVTC.mov"
  },
  "ds555tbc1_dnrOn": {
    "sharpness": {
      "mean": 0.015443544890902527,
      "std": 0.017415483999207525
    },
    "edge_strength": {
      "mean": 0.35374577599372503,
      "std": 0.2010229268598166
    },
    "blocking": {
      "mean": 1.1789971374433132,
      "std": 0.047310680056237765
    },
    "detail": {
      "mean": 0.09995920288210716,
      "std": 0.0572669345686024
    },
    "texture_quality": {
      "mean": 0.8305715922696489,